{
  "hosting": {
    "public": "build",
    "ignore": [
      "firebase.json",
      "**/.*",
      "**/node_modules/**"
    ],
    "rewrites": [
      {
        "source": "**",
        "destination": "/index.html"
      }
    ],
    "headers": [
      {
        "source": "/service-worker.js",
        "headers": [
          {
            "key": "Cache-Control",
            "value": "no-cache"
          }
        ]
      }
    ]
  },

  "functions": {
    "source": "functions"
  },

  "firestore": {
    "rules": "firestore.rules"
  },

  "emulators": {
    "functions": {
      "port": 5001
    },
    "firestore": {
      "port": 8080
    },
    "ui": {
      "enabled": true,
      "port": 4000
    }
  }
}
